{
  "model1": {
    "alpha": 0.7530237428487428,
    "log_likelihood": -60.49283949011203,
    "success": true
  },
  "model2": {
    "alpha": 0.03714765957838,
    "beta": 0.49217201835723134,
    "we": 46.39066913135164,
    "log_likelihood": -43.45908679743374,
    "success": true
  },
  "lrt": {
    "chi2": 34.06750538535658,
    "df": 2.0,
    "p_value": 4.002535558544906e-08
  },
  "validation": {
    "model1": {
      "correlation": 0.6913217160177061,
      "rmse": 24.34019777807562
    },
    "model2": {
      "correlation": 0.9616089270064552,
      "rmse": 0.9427563888165057
    }
  }
}
